{
  "build_id": "csv-arrow-ipc-cache-v2-20260720",
  "source_csv": "results/20260713_163728_edited12_parameter_sweep/cases/20260713_163741_edited12_control_vs_seeding_ensemble/ensemble_statistics.csv",
  "source_size_bytes": 564731,
  "cache_size_bytes": 704066,
  "cache_to_csv_size_ratio": 1.2467280882402418,
  "rows": 101,
  "columns": 505,
  "repeats": 20,
  "raw_csv_seconds": [
    0.027912300021853298,
    0.018486799963284284,
    0.018028599966783077,
    0.016296999994665384,
    0.01562359998933971,
    0.018789399997331202,
    0.015404700010549277,
    0.0166058000177145,
    0.01624440000159666,
    0.015600599988829345,
    0.015683800040278584,
    0.015769400051794946,
    0.0161779000191018,
    0.015649700013455003,
    0.01536880002822727,
    0.015289100003428757,
    0.016405400005169213,
    0.019983100006356835,
    0.01708280004095286,
    0.018514700001105666
  ],
  "raw_csv_median_seconds": 0.016270699998131022,
  "cold_cache_build_seconds": 0.06159729999490082,
  "warm_cache_seconds": [
    0.015667399973608553,
    0.009687000012490898,
    0.0071285999729298055,
    0.0077265999861992896,
    0.007164500013459474,
    0.008235600020270795,
    0.007840399979613721,
    0.007486700022127479,
    0.0076163000194355845,
    0.008124599989969283,
    0.007570200017653406,
    0.010502399993129075,
    0.007897500006947666,
    0.008358200022485107,
    0.010357699997257441,
    0.008028200012631714,
    0.008556599961593747,
    0.010490300017409027,
    0.007599700009450316,
    0.008458199969027191
  ],
  "warm_cache_median_seconds": 0.008076400001300499,
  "warm_speedup_vs_csv": 2.0145980877013323,
  "estimated_break_even_total_reads": 6.531479200700694,
  "numerical_equality": "pandas.assert_frame_equal(check_exact=True)",
  "cache_arrow": "results/20260713_163728_edited12_parameter_sweep/cases/20260713_163741_edited12_control_vs_seeding_ensemble/.columnar_cache/ensemble_statistics.csv.arrow",
  "cache_metadata": "results/20260713_163728_edited12_parameter_sweep/cases/20260713_163741_edited12_control_vs_seeding_ensemble/.columnar_cache/ensemble_statistics.csv.arrow.json"
}